DJI_20221106131222_0003.JPG,14.5162081388889,101.023087833333,173.622,-0.023841,-0.0971165,-103.793,0.05,0.1
DJI_20221106131226_0004.JPG,14.5163698888889,101.022979194444,173.576,0.0906254,0.0422733,25.0072,0.05,0.1
DJI_20221106131228_0005.JPG,14.5165408611111,101.02288375,173.613,-0.0905515,-0.0424314,25.1072,0.05,0.1
DJI_20221106131230_0006.JPG,14.5166971944444,101.022796666667,173.771,-0.0905515,-0.0424314,25.1072,0.05,0.1
DJI_20221106131232_0007.JPG,14.516857,101.022707472222,173.881,-0.0905515,-0.0424313,25.1072,0.05,0.1
DJI_20221106131234_0008.JPG,14.51702175,101.022615277778,173.9,-0.0905516,-0.0424313,25.1072,0.05,0.1
DJI_20221106131236_0009.JPG,14.51717975,101.02252725,173.928,-0.0905516,-0.0424313,25.1072,0.05,0.1
DJI_20221106131238_0010.JPG,14.517347,101.022431361111,173.974,0.0906255,0.0422732,25.0071,0.05,0.1
DJI_20221106131239_0011.JPG,14.517504,101.02234175,174.035,0.0906255,0.0422731,25.0071,0.05,0.1
DJI_20221106131241_0012.JPG,14.5176604166667,101.022252833333,174.103,0.0906255,0.0422731,25.0071,0.05,0.1
DJI_20221106131243_0013.JPG,14.5178240277778,101.022161833333,174.175,-0.0905516,-0.0424312,25.1071,0.05,0.1
DJI_20221106131245_0014.JPG,14.5179807222222,101.0220745,174.296,-0.0905516,-0.0424311,25.1071,0.05,0.1
DJI_20221106131247_0015.JPG,14.518146,101.021981583333,174.402,0.0906256,0.042273,25.0071,0.05,0.1
DJI_20221106131249_0016.JPG,14.5183022777778,101.021894,174.51,-0.0905517,-0.0424311,25.107,0.05,0.1
DJI_20221106131251_0017.JPG,14.5184678333333,101.021799861111,174.545,-0.0905517,-0.0424311,25.107,0.05,0.1
DJI_20221106131252_0018.JPG,14.5186306944444,101.021708055556,174.645,-0.0905517,-0.042431,25.107,0.05,0.1
DJI_20221106131254_0019.JPG,14.5187879444444,101.021619944444,174.733,-0.0905517,-0.042431,25.107,0.05,0.1
DJI_20221106131256_0020.JPG,14.5189458333333,101.021530055556,174.754,-0.0905517,-0.042431,25.107,0.05,0.1
DJI_20221106131258_0021.JPG,14.5191105833333,101.021437,174.83,-0.0905517,-0.042431,25.1069,0.05,0.1
DJI_20221106131300_0022.JPG,14.5192701111111,101.021347138889,174.93,0.0906257,0.0422728,25.0069,0.05,0.1
DJI_20221106131302_0023.JPG,14.5194360555556,101.021253888889,175.027,0.0906257,0.0422728,25.0069,0.05,0.1
DJI_20221106131303_0024.JPG,14.5195916111111,101.021166527778,175.123,0.0906257,0.0422728,25.0069,0.05,0.1
DJI_20221106131305_0025.JPG,14.5197511944444,101.021076305556,175.158,-0.0905518,-0.0424308,25.1069,0.05,0.1
DJI_20221106131307_0026.JPG,14.5199069722222,101.020988277778,175.208,0.0906257,0.0422727,25.0069,0.05,0.1
DJI_20221106131309_0027.JPG,14.5200757777778,101.020893583333,175.302,-0.0905518,-0.0424308,25.1068,0.05,0.1
DJI_20221106131311_0028.JPG,14.5202281944444,101.020807361111,175.384,0.0906257,0.0422727,25.0068,0.05,0.1
DJI_20221106131313_0029.JPG,14.5203932777778,101.02071275,175.465,0.0906257,0.0422726,25.0068,0.05,0.1
DJI_20221106131315_0030.JPG,14.5205545555556,101.020621111111,175.51,0.0906258,0.0422726,25.0068,0.05,0.1
DJI_20221106131316_0031.JPG,14.5207154444444,101.020531333333,175.526,0.0906258,0.0422726,25.0068,0.05,0.1
DJI_20221106131318_0032.JPG,14.5208803888889,101.020436861111,175.647,-0.0905519,-0.0424307,25.1068,0.05,0.1
DJI_20221106131320_0033.JPG,14.5210347222222,101.020350055556,175.761,-0.0905519,-0.0424306,25.1067,0.05,0.1
DJI_20221106131322_0034.JPG,14.52119975,101.020258138889,175.989,0.0906258,0.0422725,25.0067,0.05,0.1
DJI_20221106131324_0035.JPG,14.5213614444444,101.02016775,176.135,-0.0905519,-0.0424306,25.1067,0.05,0.1
DJI_20221106131326_0036.JPG,14.5215214444444,101.020079166667,176.239,-0.0905519,-0.0424305,25.1067,0.05,0.1
DJI_20221106131328_0037.JPG,14.52167925,101.019990972222,176.273,-0.0905519,-0.0424305,25.1067,0.05,0.1
DJI_20221106131329_0038.JPG,14.5218453888889,101.01989775,176.351,-0.0905519,-0.0424305,25.1067,0.05,0.1
DJI_20221106131331_0039.JPG,14.5219993333333,101.01981125,176.477,0.0906259,0.0422724,25.0066,0.05,0.1
DJI_20221106131333_0040.JPG,14.5221676111111,101.01971425,176.473,0.0906259,0.0422723,25.0066,0.05,0.1
DJI_20221106131335_0041.JPG,14.5223205555556,101.019626916667,176.538,-0.090552,-0.0424304,25.1066,0.05,0.1
DJI_20221106131337_0042.JPG,14.522484,101.019533194444,176.608,0.0906259,0.0422723,25.0066,0.05,0.1
DJI_20221106131339_0043.JPG,14.5226410833333,101.019445416667,176.767,-0.090552,-0.0424304,25.1066,0.05,0.1
DJI_20221106131341_0044.JPG,14.52280625,101.0193545,176.811,-0.090552,-0.0424303,25.1066,0.05,0.1
DJI_20221106131342_0045.JPG,14.5229628333333,101.01926675,176.842,0.090626,0.0422722,25.0065,0.05,0.1
DJI_20221106131344_0046.JPG,14.5231282222222,101.019173472222,176.969,0.090626,0.0422722,25.0065,0.05,0.1
DJI_20221106131346_0047.JPG,14.5232841944444,101.019084416667,177.031,0.090626,0.0422721,25.0065,0.05,0.1
DJI_20221106131348_0048.JPG,14.5234478333333,101.018991333333,177.069,0.090626,0.0422721,25.0065,0.05,0.1
DJI_20221106131350_0049.JPG,14.5236119166667,101.018898944444,177.142,0.090626,0.0422721,25.0065,0.05,0.1
DJI_20221106131352_0050.JPG,14.5237691111111,101.018810305556,177.185,-0.0905521,-0.0424302,25.1064,0.05,0.1
DJI_20221106131354_0051.JPG,14.5239335277778,101.018717888889,177.273,-0.0905521,-0.0424301,25.1064,0.05,0.1
DJI_20221106131355_0052.JPG,14.5240965277778,101.018627027778,177.375,0.090626,0.042272,25.0064,0.05,0.1
DJI_20221106131357_0053.JPG,14.5242535833333,101.018538527778,177.454,0.0906261,0.042272,25.0064,0.05,0.1
DJI_20221106131359_0054.JPG,14.5244107777778,101.018451138889,177.707,-0.0905521,-0.0424301,25.1064,0.05,0.1
DJI_20221106131401_0055.JPG,14.5244710277778,101.018418388889,177.727,0.0905522,0.04243,25.1064,0.05,0.1
DJI_20221106131402_0056.JPG,14.5244611666667,101.018413444444,177.553,-0.0071609,0.0997433,94.1064,0.05,0.1
DJI_20221106131406_0057.JPG,14.5243488055556,101.0182565,177.027,-0.0433759,0.0901029,115.706,0.05,0.1
DJI_20221106131408_0058.JPG,14.5242571388889,101.018081694444,176.504,-0.0433759,0.0901029,115.706,0.05,0.1
DJI_20221106131410_0059.JPG,14.5241702222222,101.017914472222,176.101,0.043533,-0.0900271,115.806,0.05,0.1
DJI_20221106131412_0060.JPG,14.5240887222222,101.017758583333,175.767,0.0435329,-0.0900271,115.806,0.05,0.1
DJI_20221106131413_0061.JPG,14.5240785277778,101.017737444444,175.777,0.0435329,-0.0900271,115.806,0.05,0.1
DJI_20221106131414_0062.JPG,14.5240773333333,101.017750638889,175.765,-0.0997193,0.00748703,175.706,0.05,0.1
DJI_20221106131418_0063.JPG,14.5239151944444,101.01787,175.544,-0.0906262,-0.0422717,-154.994,0.05,0.1
DJI_20221106131420_0064.JPG,14.5237491111111,101.017961583333,175.511,0.0906998,0.0421135,-155.094,0.05,0.1
DJI_20221106131422_0065.JPG,14.52358825,101.01805125,175.519,0.0906998,0.0421135,-155.094,0.05,0.1
DJI_20221106131424_0066.JPG,14.5234300555556,101.018139861111,175.53,-0.0906261,-0.0422718,-154.994,0.05,0.1
DJI_20221106131426_0067.JPG,14.5232716111111,101.018228416667,175.461,-0.0906261,-0.0422718,-154.994,0.05,0.1
DJI_20221106131428_0068.JPG,14.5231083611111,101.018320527778,175.476,0.0906998,0.0421136,-155.094,0.05,0.1
DJI_20221106131429_0069.JPG,14.5229503333333,101.018409472222,175.408,-0.0906261,-0.0422719,-154.994,0.05,0.1
DJI_20221106131431_0070.JPG,14.5227859166667,101.018500888889,175.389,-0.0906997,-0.0421136,-155.094,0.05,0.1
DJI_20221106131433_0071.JPG,14.5226217777778,101.018592833333,175.332,-0.0906261,-0.0422719,-154.994,0.05,0.1
DJI_20221106131435_0072.JPG,14.5224640277778,101.01868175,175.296,-0.0906997,-0.0421137,-155.094,0.05,0.1
DJI_20221106131437_0073.JPG,14.5223006388889,101.018773388889,175.251,-0.0906261,-0.042272,-154.994,0.05,0.1
DJI_20221106131439_0074.JPG,14.5221363611111,101.018866333333,175.231,-0.0906997,-0.0421138,-155.094,0.05,0.1
DJI_20221106131441_0075.JPG,14.5219809722222,101.018954388889,175.225,-0.090626,-0.042272,-154.994,0.05,0.1
DJI_20221106131442_0076.JPG,14.5218159722222,101.01904675,175.19,-0.090626,-0.042272,-154.994,0.05,0.1
DJI_20221106131444_0077.JPG,14.5216515,101.019139805556,175.178,-0.0906996,-0.0421138,-155.094,0.05,0.1
DJI_20221106131446_0078.JPG,14.5214951111111,101.019227305556,175.147,0.0906996,0.0421139,-155.094,0.05,0.1
DJI_20221106131448_0079.JPG,14.5213374722222,101.019316111111,175.098,-0.0906996,-0.0421139,-155.094,0.05,0.1
DJI_20221106131450_0080.JPG,14.5211744166667,101.019407833333,175.091,-0.090626,-0.0422722,-154.993,0.05,0.1
DJI_20221106131452_0081.JPG,14.5210170833333,101.019496611111,175.072,-0.0906996,-0.0421139,-155.093,0.05,0.1
DJI_20221106131454_0082.JPG,14.5208520277778,101.019589472222,175.037,-0.0906996,-0.042114,-155.093,0.05,0.1
DJI_20221106131455_0083.JPG,14.5206918611111,101.019679416667,174.977,0.0906996,0.042114,-155.093,0.05,0.1
DJI_20221106131457_0084.JPG,14.5205301111111,101.019771138889,174.999,-0.0906259,-0.0422723,-154.993,0.05,0.1
DJI_20221106131459_0085.JPG,14.5203745555556,101.019859111111,174.924,-0.0906259,-0.0422723,-154.993,0.05,0.1
DJI_20221106131501_0086.JPG,14.520211,101.019950861111,174.884,-0.0906259,-0.0422723,-154.993,0.05,0.1
DJI_20221106131503_0087.JPG,14.5200468055556,101.020043555556,174.842,-0.0906259,-0.0422723,-154.993,0.05,0.1
DJI_20221106131505_0088.JPG,14.5198905,101.020132583333,174.828,-0.0906259,-0.0422724,-154.993,0.05,0.1
DJI_20221106131507_0089.JPG,14.5197253055556,101.020225194444,174.776,0.0906995,0.0421142,-155.093,0.05,0.1
DJI_20221106131508_0090.JPG,14.5195673055556,101.02031275,174.727,-0.0906258,-0.0422724,-154.993,0.05,0.1
DJI_20221106131510_0091.JPG,14.5193990277778,101.020407555556,174.738,0.0906995,0.0421142,-155.093,0.05,0.1
DJI_20221106131512_0092.JPG,14.5192472777778,101.020493722222,174.728,0.0906995,0.0421142,-155.093,0.05,0.1
DJI_20221106131514_0093.JPG,14.5190822777778,101.02058675,174.731,0.0907728,0.0419559,-155.193,0.05,0.1
DJI_20221106131516_0094.JPG,14.5189250277778,101.020674722222,174.721,0.0906994,0.0421143,-155.093,0.05,0.1
DJI_20221106131518_0095.JPG,14.51876025,101.020767694444,174.72,0.0906994,0.0421143,-155.093,0.05,0.1
DJI_20221106131519_0096.JPG,14.5186044444444,101.0208555,174.644,0.0906994,0.0421144,-155.093,0.05,0.1
DJI_20221106131521_0097.JPG,14.5184382777778,101.020949444444,174.616,-0.0906258,-0.0422726,-154.993,0.05,0.1
DJI_20221106131523_0098.JPG,14.51827575,101.021040916667,174.534,0.0907727,0.041956,-155.193,0.05,0.1
DJI_20221106131525_0099.JPG,14.51812175,101.021128083333,174.465,-0.0906994,-0.0421144,-155.093,0.05,0.1
DJI_20221106131527_0100.JPG,14.5179626666667,101.021217638889,174.518,0.0906994,0.0421145,-155.093,0.05,0.1
DJI_20221106131529_0101.JPG,14.5177973333333,101.021310555556,174.484,0.0906993,0.0421145,-155.093,0.05,0.1
DJI_20221106131531_0102.JPG,14.5176412777778,101.0213995,174.486,-0.0906993,-0.0421145,-155.093,0.05,0.1
DJI_20221106131533_0103.JPG,14.51747525,101.021492972222,174.392,-0.0906993,-0.0421145,-155.093,0.05,0.1
DJI_20221106131534_0104.JPG,14.5173203611111,101.021579444444,174.398,0.0906993,0.0421146,-155.093,0.05,0.1
DJI_20221106131536_0105.JPG,14.5171516111111,101.021674361111,174.369,0.0906993,0.0421146,-155.093,0.05,0.1
DJI_20221106131538_0106.JPG,14.5169999166667,101.021759305556,174.321,0.0906993,0.0421146,-155.093,0.05,0.1
DJI_20221106131540_0107.JPG,14.5168314722222,101.021852555556,174.247,0.0907726,0.0419563,-155.193,0.05,0.1
DJI_20221106131542_0108.JPG,14.5166663055556,101.021945416667,174.25,0.0907726,0.0419563,-155.193,0.05,0.1
DJI_20221106131544_0109.JPG,14.516515,101.022032666667,174.213,0.0906992,0.0421147,-155.093,0.05,0.1
DJI_20221106131546_0110.JPG,14.5163448333333,101.022129166667,174.243,0.0907726,0.0419564,-155.193,0.05,0.1
DJI_20221106131547_0111.JPG,14.5161942777778,101.022214388889,174.217,-0.0906992,-0.0421148,-155.093,0.05,0.1
DJI_20221106131549_0112.JPG,14.5160293888889,101.022307888889,174.189,-0.0906256,-0.042273,-154.993,0.05,0.1
DJI_20221106131551_0113.JPG,14.5158794166667,101.022391444444,174.221,0.0906992,0.0421148,-155.093,0.05,0.1
DJI_20221106131553_0114.JPG,14.5158315555556,101.022415583333,174.192,-0.0906992,-0.0421148,-155.093,0.05,0.1
DJI_20221106131554_0115.JPG,14.5158310277778,101.022407222222,174.257,-0.0731439,0.0681907,137.007,0.05,0.1
DJI_20221106131558_0116.JPG,14.5157661388889,101.022217638889,174.122,0.0414806,-0.090991,114.507,0.05,0.1
DJI_20221106131600_0117.JPG,14.5156785833333,101.022048138889,174.041,-0.0413216,0.0910633,114.407,0.05,0.1
DJI_20221106131601_0118.JPG,14.5155893333333,101.021875055556,174.069,0.0414804,-0.0909911,114.507,0.05,0.1
DJI_20221106131604_0119.JPG,14.5155090277778,101.021721111111,174.024,0.0414804,-0.0909911,114.507,0.05,0.1
DJI_20221106131605_0120.JPG,14.5154985555556,101.021700083333,174.094,-0.0413215,0.0910634,114.407,0.05,0.1
DJI_20221106131606_0121.JPG,14.5155128888889,101.021704972222,174.124,0.0641357,0.0767243,50.1069,0.05,0.1
DJI_20221106131610_0122.JPG,14.5156951944444,101.021628916667,173.931,-0.0904776,-0.0425888,25.2069,0.05,0.1
DJI_20221106131612_0123.JPG,14.5158583055556,101.021536027778,173.987,-0.0904776,-0.0425888,25.2069,0.05,0.1
DJI_20221106131614_0124.JPG,14.5160238333333,101.021441666667,174.095,-0.0904776,-0.0425888,25.2068,0.05,0.1
DJI_20221106131615_0125.JPG,14.516183,101.021353027778,174.101,-0.0904776,-0.0425887,25.2068,0.05,0.1
DJI_20221106131617_0126.JPG,14.5163513055556,101.021259,174.161,0.0905518,0.0424307,25.1068,0.05,0.1
DJI_20221106131619_0127.JPG,14.5165035833333,101.021174388889,174.135,0.0905518,0.0424307,25.1068,0.05,0.1
DJI_20221106131621_0128.JPG,14.5166689166667,101.021081611111,174.178,0.0905519,0.0424307,25.1068,0.05,0.1
DJI_20221106131623_0129.JPG,14.51682525,101.0209935,174.224,0.0905519,0.0424307,25.1068,0.05,0.1
DJI_20221106131625_0130.JPG,14.5169893333333,101.020900166667,174.166,0.0905519,0.0424306,25.1067,0.05,0.1
DJI_20221106131627_0131.JPG,14.5171533055556,101.020807194444,174.156,0.0905519,0.0424306,25.1067,0.05,0.1
DJI_20221106131628_0132.JPG,14.5173074166667,101.020719888889,174.12,0.0905519,0.0424306,25.1067,0.05,0.1
DJI_20221106131630_0133.JPG,14.5174741111111,101.020626166667,174.184,0.0905519,0.0424305,25.1067,0.05,0.1
DJI_20221106131632_0134.JPG,14.51763075,101.020538722222,174.228,-0.0904777,-0.0425885,25.2067,0.05,0.1
DJI_20221106131634_0135.JPG,14.5177956944444,101.020446555556,174.267,0.0905519,0.0424305,25.1067,0.05,0.1
DJI_20221106131636_0136.JPG,14.5179599166667,101.020354,174.278,0.090552,0.0424305,25.1066,0.05,0.1
DJI_20221106131638_0137.JPG,14.5181169722222,101.020265861111,174.291,0.090552,0.0424304,25.1066,0.05,0.1
DJI_20221106131640_0138.JPG,14.5182808611111,101.02017425,174.278,-0.0904778,-0.0425884,25.2066,0.05,0.1
DJI_20221106131641_0139.JPG,14.5184366111111,101.020087222222,174.323,0.090552,0.0424304,25.1066,0.05,0.1
DJI_20221106131643_0140.JPG,14.51860275,101.019993166667,174.334,-0.0904778,-0.0425883,25.2066,0.05,0.1
DJI_20221106131645_0141.JPG,14.5187669444444,101.019900666667,174.354,-0.0904778,-0.0425883,25.2066,0.05,0.1
DJI_20221106131647_0142.JPG,14.518923,101.019812222222,174.416,0.090552,0.0424303,25.1065,0.05,0.1
DJI_20221106131649_0143.JPG,14.5190862777778,101.019719944444,174.404,0.090552,0.0424303,25.1065,0.05,0.1
DJI_20221106131651_0144.JPG,14.5192436944444,101.019631305556,174.363,0.0905521,0.0424302,25.1065,0.05,0.1
DJI_20221106131653_0145.JPG,14.5194104166667,101.019537083333,174.389,0.0905521,0.0424302,25.1065,0.05,0.1
DJI_20221106131655_0146.JPG,14.5195714722222,101.019446361111,174.401,0.0905521,0.0424302,25.1065,0.05,0.1
DJI_20221106131656_0147.JPG,14.5197278888889,101.019358416667,174.432,-0.0904779,-0.0425881,25.2064,0.05,0.1
DJI_20221106131658_0148.JPG,14.5198877222222,101.019268888889,174.464,0.0905521,0.0424301,25.1064,0.05,0.1
DJI_20221106131700_0149.JPG,14.52005325,101.019175777778,174.477,-0.0904779,-0.0425881,25.2064,0.05,0.1
DJI_20221106131702_0150.JPG,14.5202106111111,101.01908725,174.502,-0.0904779,-0.0425881,25.2064,0.05,0.1
DJI_20221106131704_0151.JPG,14.5203761388889,101.018994194444,174.506,-0.090478,-0.042588,25.2064,0.05,0.1
DJI_20221106131706_0152.JPG,14.5205306944444,101.01890725,174.483,0.0905522,0.04243,25.1064,0.05,0.1
DJI_20221106131708_0153.JPG,14.5206945833333,101.018814722222,174.517,-0.090478,-0.042588,25.2063,0.05,0.1
DJI_20221106131709_0154.JPG,14.5208588888889,101.018722083333,174.527,-0.090478,-0.042588,25.2063,0.05,0.1
DJI_20221106131711_0155.JPG,14.5210146666667,101.018633888889,174.544,0.0905522,0.0424299,25.1063,0.05,0.1
DJI_20221106131713_0156.JPG,14.5211787777778,101.018540611111,174.55,-0.090478,-0.0425879,25.2063,0.05,0.1
DJI_20221106131715_0157.JPG,14.5213380555556,101.018451694444,174.589,-0.090478,-0.0425879,25.2063,0.05,0.1
DJI_20221106131717_0158.JPG,14.5215040555556,101.018359611111,174.601,0.0905522,0.0424299,25.1063,0.05,0.1
DJI_20221106131719_0159.JPG,14.5216611666667,101.018271472222,174.634,-0.0904781,-0.0425878,25.2062,0.05,0.1
DJI_20221106131721_0160.JPG,14.52182275,101.018180666667,174.592,-0.0904781,-0.0425878,25.2062,0.05,0.1
DJI_20221106131722_0161.JPG,14.5219847222222,101.018089638889,174.608,-0.0904781,-0.0425878,25.2062,0.05,0.1
DJI_20221106131724_0162.JPG,14.5221475555556,101.017997972222,174.672,0.0905523,0.0424298,25.1062,0.05,0.1
DJI_20221106131726_0163.JPG,14.5223027222222,101.017910305556,174.652,0.0905523,0.0424297,25.1062,0.05,0.1
DJI_20221106131728_0164.JPG,14.5224665555556,101.017816694444,174.666,0.0905523,0.0424297,25.1062,0.05,0.1
DJI_20221106131730_0165.JPG,14.5226293611111,101.017724083333,174.68,0.0905523,0.0424297,25.1061,0.05,0.1
DJI_20221106131732_0166.JPG,14.52278525,101.017635277778,174.774,-0.0904781,-0.0425876,25.2061,0.05,0.1
DJI_20221106131734_0167.JPG,14.5229507777778,101.017542444444,174.899,-0.0904782,-0.0425876,25.2061,0.05,0.1
DJI_20221106131735_0168.JPG,14.523109,101.017454166667,174.915,0.0905524,0.0424296,25.1061,0.05,0.1
DJI_20221106131737_0169.JPG,14.5232733333333,101.017360777778,174.844,0.0905524,0.0424296,25.1061,0.05,0.1
DJI_20221106131739_0170.JPG,14.5234372222222,101.017268222222,174.884,0.0905524,0.0424295,25.106,0.05,0.1
DJI_20221106131741_0171.JPG,14.5235935277778,101.017180666667,174.901,0.0905524,0.0424295,25.106,0.05,0.1
DJI_20221106131743_0172.JPG,14.5237468611111,101.017097083333,175.108,-0.0904782,-0.0425875,25.206,0.05,0.1
DJI_20221106131745_0173.JPG,14.5237713055556,101.01708375,175.058,-0.0904782,-0.0425875,25.206,0.05,0.1
DJI_20221106131745_0174.JPG,14.5237613611111,101.017079527778,174.923,0.00942135,-0.0995552,95.4061,0.05,0.1
DJI_20221106131749_0175.JPG,14.5236474166667,101.016919861111,174.4,-0.0416376,0.0909192,114.606,0.05,0.1
DJI_20221106131751_0176.JPG,14.5235538611111,101.016742805556,173.99,-0.0416376,0.0909193,114.606,0.05,0.1
DJI_20221106131753_0177.JPG,14.5234663055556,101.016575527778,173.697,0.0417961,-0.0908465,114.706,0.05,0.1
DJI_20221106131755_0178.JPG,14.5233875555556,101.016427611111,173.408,0.041796,-0.0908465,114.706,0.05,0.1
DJI_20221106131757_0179.JPG,14.5233759444444,101.01640475,173.43,-0.041796,0.0908465,114.706,0.05,0.1
DJI_20221106131758_0180.JPG,14.5233747222222,101.016418833333,173.412,-0.0999986,-0.000533835,-179.694,0.05,0.1
DJI_20221106131801_0181.JPG,14.5232200277778,101.016532611111,173.186,0.0902541,0.0430604,-154.494,0.05,0.1
DJI_20221106131804_0182.JPG,14.5230451111111,101.016630666667,173.225,0.0902541,0.0430604,-154.494,0.05,0.1
DJI_20221106131805_0183.JPG,14.5228859722222,101.016719777778,173.28,0.0902541,0.0430604,-154.494,0.05,0.1
DJI_20221106131807_0184.JPG,14.5227208888889,101.016810527778,173.175,0.0902541,0.0430605,-154.494,0.05,0.1
DJI_20221106131809_0185.JPG,14.5225695833333,101.01689625,173.139,-0.0901788,-0.0432179,-154.394,0.05,0.1
DJI_20221106131811_0186.JPG,14.5224054444444,101.016988972222,173.148,0.0902541,0.0430605,-154.494,0.05,0.1
DJI_20221106131813_0187.JPG,14.5222487777778,101.017077666667,173.078,-0.0901787,-0.043218,-154.394,0.05,0.1
DJI_20221106131815_0188.JPG,14.5220815833333,101.017172083333,173.016,-0.0901787,-0.043218,-154.394,0.05,0.1
DJI_20221106131816_0189.JPG,14.5219189722222,101.017263861111,173.027,-0.0901787,-0.043218,-154.394,0.05,0.1
DJI_20221106131818_0190.JPG,14.5217659444444,101.0173495,172.985,0.090254,0.0430606,-154.494,0.05,0.1
DJI_20221106131820_0191.JPG,14.5216002777778,101.017441722222,172.964,0.090254,0.0430606,-154.494,0.05,0.1
DJI_20221106131822_0192.JPG,14.5214398055556,101.017530916667,172.914,0.090254,0.0430607,-154.494,0.05,0.1
DJI_20221106131824_0193.JPG,14.5212848888889,101.017618,172.893,0.090254,0.0430607,-154.494,0.05,0.1
DJI_20221106131826_0194.JPG,14.5211231388889,101.017709277778,172.907,0.090254,0.0430607,-154.494,0.05,0.1
DJI_20221106131828_0195.JPG,14.5209538611111,101.017804055556,172.832,0.0902539,0.0430608,-154.494,0.05,0.1
DJI_20221106131829_0196.JPG,14.52079675,101.017890472222,172.735,0.0902539,0.0430608,-154.494,0.05,0.1
DJI_20221106131831_0197.JPG,14.5206396111111,101.017978555556,172.707,-0.0901786,-0.0432183,-154.394,0.05,0.1
DJI_20221106131833_0198.JPG,14.5204712222222,101.018075111111,172.678,-0.0901786,-0.0432183,-154.394,0.05,0.1
DJI_20221106131835_0199.JPG,14.5203177777778,101.018162416667,172.639,0.0902539,0.0430609,-154.494,0.05,0.1
DJI_20221106131837_0200.JPG,14.5201491111111,101.018257777778,172.619,0.0902539,0.0430609,-154.494,0.05,0.1
DJI_20221106131839_0201.JPG,14.5199918611111,101.01834575,172.585,0.0902539,0.0430609,-154.494,0.05,0.1
DJI_20221106131841_0202.JPG,14.5198336388889,101.018435305556,172.563,-0.0901786,-0.0432184,-154.394,0.05,0.1
DJI_20221106131842_0203.JPG,14.519675,101.018524833333,172.557,-0.0901785,-0.0432184,-154.394,0.05,0.1
DJI_20221106131844_0204.JPG,14.5195152777778,101.018614666667,172.549,0.0902538,0.043061,-154.494,0.05,0.1
DJI_20221106131846_0205.JPG,14.5193544722222,101.018705527778,172.56,0.0902538,0.043061,-154.494,0.05,0.1
DJI_20221106131848_0206.JPG,14.5191927777778,101.018796111111,172.506,0.0902538,0.043061,-154.494,0.05,0.1
DJI_20221106131850_0207.JPG,14.5190264166667,101.018891333333,172.468,-0.0901785,-0.0432185,-154.394,0.05,0.1
DJI_20221106131852_0208.JPG,14.5188710555556,101.01898,172.449,-0.0901785,-0.0432186,-154.394,0.05,0.1
DJI_20221106131853_0209.JPG,14.5187120555556,101.019069527778,172.393,-0.0901785,-0.0432186,-154.394,0.05,0.1
DJI_20221106131855_0210.JPG,14.5185553333333,101.019157611111,172.368,0.0902537,0.0430612,-154.494,0.05,0.1
DJI_20221106131857_0211.JPG,14.518389,101.019251888889,172.318,0.0902537,0.0430612,-154.494,0.05,0.1
DJI_20221106131859_0212.JPG,14.5182326111111,101.019339027778,172.295,0.0902537,0.0430612,-154.494,0.05,0.1
DJI_20221106131901_0213.JPG,14.5180721111111,101.019428777778,172.225,-0.0901784,-0.0432187,-154.394,0.05,0.1
DJI_20221106131903_0214.JPG,14.5179075277778,101.019521388889,172.181,0.0902537,0.0430613,-154.494,0.05,0.1
DJI_20221106131905_0215.JPG,14.5177471666667,101.019612027778,172.132,-0.0901784,-0.0432188,-154.394,0.05,0.1
DJI_20221106131906_0216.JPG,14.51758125,101.019705277778,172.114,-0.0901784,-0.0432188,-154.394,0.05,0.1
DJI_20221106131914_0220.JPG,14.5169449444444,101.020061805556,171.982,-0.0901783,-0.0432189,-154.393,0.05,0.1
DJI_20221106131916_0221.JPG,14.5167865277778,101.020151611111,171.93,-0.0901783,-0.0432189,-154.393,0.05,0.1
DJI_20221106131918_0222.JPG,14.5166223888889,101.020244361111,171.916,-0.0901783,-0.0432189,-154.393,0.05,0.1
DJI_20221106131919_0223.JPG,14.5164640277778,101.020334444444,171.91,-0.0901783,-0.043219,-154.393,0.05,0.1
DJI_20221106131921_0224.JPG,14.5162974444444,101.020428555556,171.897,0.0902536,0.0430615,-154.493,0.05,0.1
DJI_20221106131923_0225.JPG,14.5161441111111,101.02051475,171.866,0.0902535,0.0430616,-154.493,0.05,0.1
DJI_20221106131925_0226.JPG,14.5159779722222,101.0206075,171.798,-0.0901782,-0.043219,-154.393,0.05,0.1
DJI_20221106131927_0227.JPG,14.5158193055556,101.02069725,171.759,0.0902535,0.0430616,-154.493,0.05,0.1
DJI_20221106131929_0228.JPG,14.5156535833333,101.020791111111,171.761,0.0902535,0.0430616,-154.493,0.05,0.1
DJI_20221106131931_0229.JPG,14.5154977222222,101.020878305556,171.702,-0.0901782,-0.0432191,-154.393,0.05,0.1
DJI_20221106131932_0230.JPG,14.5153365,101.020968805556,171.65,0.0902535,0.0430617,-154.493,0.05,0.1
DJI_20221106131934_0231.JPG,14.5151859722222,101.021054166667,171.745,0.0902535,0.0430617,-154.493,0.05,0.1
DJI_20221106131936_0232.JPG,14.5151403055556,101.021077805556,171.737,0.0902535,0.0430617,-154.493,0.05,0.1
DJI_20221106131937_0233.JPG,14.5151398333333,101.021070027778,171.76,-0.0795545,0.0605894,142.707,0.05,0.1
DJI_20221106131941_0234.JPG,14.5150729444444,101.020877638889,171.457,-0.04148,0.0909913,114.507,0.05,0.1
DJI_20221106131943_0235.JPG,14.5149859166667,101.020708888889,171.262,-0.0414799,0.0909913,114.507,0.05,0.1
DJI_20221106131944_0236.JPG,14.5148973055556,101.020538305556,171.164,0.0416386,-0.0909188,114.607,0.05,0.1
DJI_20221106131947_0237.JPG,14.5148184722222,101.020387111111,171.014,0.0416385,-0.0909188,114.607,0.05,0.1
DJI_20221106131948_0238.JPG,14.5148071388889,101.020363805556,171.052,-0.0414798,0.0909914,114.507,0.05,0.1
DJI_20221106131949_0239.JPG,14.5148203333333,101.020368944444,171.066,0.0576339,0.0817211,54.8065,0.05,0.1
DJI_20221106131953_0240.JPG,14.5150048888889,101.0202915,170.906,0.0902536,0.0430614,25.5065,0.05,0.1
DJI_20221106131955_0241.JPG,14.5151671944444,101.020199333333,170.919,0.0902536,0.0430614,25.5065,0.05,0.1
DJI_20221106131957_0242.JPG,14.5153330555556,101.020106138889,170.977,-0.0901784,-0.0432188,25.6065,0.05,0.1
DJI_20221106131958_0243.JPG,14.5154861388889,101.020020611111,170.977,0.0902537,0.0430613,25.5065,0.05,0.1
DJI_20221106132000_0244.JPG,14.5156501944444,101.019927861111,170.929,0.0902537,0.0430613,25.5065,0.05,0.1
DJI_20221106132002_0245.JPG,14.5158101666667,101.019837777778,170.934,0.0902537,0.0430613,25.5064,0.05,0.1
DJI_20221106132004_0246.JPG,14.5159709166667,101.019746527778,170.904,0.0902537,0.0430613,25.5064,0.05,0.1
DJI_20221106132006_0247.JPG,14.5161309722222,101.0196565,170.851,-0.0901784,-0.0432187,25.6064,0.05,0.1
DJI_20221106132008_0248.JPG,14.51629625,101.019564027778,170.839,0.0902537,0.0430612,25.5064,0.05,0.1
DJI_20221106132010_0249.JPG,14.5164533333333,101.019475666667,170.914,-0.0901784,-0.0432186,25.6064,0.05,0.1
DJI_20221106132011_0250.JPG,14.5166151666667,101.019386166667,170.915,-0.0901785,-0.0432186,25.6063,0.05,0.1
DJI_20221106132013_0251.JPG,14.5167710277778,101.019298611111,170.886,0.0902538,0.0430611,25.5063,0.05,0.1
DJI_20221106132015_0252.JPG,14.516935,101.019205972222,170.806,0.0902538,0.0430611,25.5063,0.05,0.1
DJI_20221106132017_0253.JPG,14.5170971666667,101.019113027778,170.825,0.0902538,0.0430611,25.5063,0.05,0.1
DJI_20221106132019_0254.JPG,14.5172517222222,101.019024972222,170.844,-0.0901785,-0.0432185,25.6063,0.05,0.1
DJI_20221106132021_0255.JPG,14.5174165277778,101.018932361111,170.876,0.0902538,0.043061,25.5063,0.05,0.1
DJI_20221106132023_0256.JPG,14.5175828055556,101.018838416667,170.877,-0.0901785,-0.0432184,25.6062,0.05,0.1
DJI_20221106132024_0257.JPG,14.5177382777778,101.018751833333,170.894,0.0902538,0.043061,25.5062,0.05,0.1
DJI_20221106132026_0258.JPG,14.51790175,101.018659722222,170.824,0.0902539,0.0430609,25.5062,0.05,0.1
DJI_20221106132028_0259.JPG,14.51805925,101.018570555556,170.818,-0.0901786,-0.0432184,25.6062,0.05,0.1
DJI_20221106132030_0260.JPG,14.518223,101.018478305556,170.829,-0.0901786,-0.0432183,25.6062,0.05,0.1
DJI_20221106132032_0261.JPG,14.5183780277778,101.018390083333,170.85,0.0902539,0.0430608,25.5062,0.05,0.1
DJI_20221106132034_0262.JPG,14.5185447777778,101.018295416667,170.814,0.0902539,0.0430608,25.5061,0.05,0.1
DJI_20221106132036_0263.JPG,14.5187038333333,101.018206888889,170.855,0.0902539,0.0430608,25.5061,0.05,0.1
DJI_20221106132037_0264.JPG,14.5188640277778,101.018117861111,170.799,-0.0901786,-0.0432182,25.6061,0.05,0.1
DJI_20221106132039_0265.JPG,14.5190257777778,101.018027361111,170.791,0.0902539,0.0430607,25.5061,0.05,0.1
DJI_20221106132041_0266.JPG,14.5191909444444,101.017935194444,170.781,-0.0901787,-0.0432182,25.6061,0.05,0.1
DJI_20221106132043_0267.JPG,14.5193471944444,101.017847166667,170.77,0.090254,0.0430607,25.5061,0.05,0.1
DJI_20221106132045_0268.JPG,14.5194939722222,101.017752388889,212.56,-0.0901787,-0.0432181,25.606,0.05,0.1
DJI_20221106132047_0269.JPG,14.5196503055556,101.017663583333,212.588,-0.0901787,-0.0432181,25.606,0.05,0.1
DJI_20221106132049_0270.JPG,14.5198190833333,101.017568611111,212.557,0.090254,0.0430606,25.506,0.05,0.1
DJI_20221106132050_0271.JPG,14.519972,101.017482611111,212.554,-0.0901787,-0.043218,25.606,0.05,0.1
DJI_20221106132052_0272.JPG,14.5201385555556,101.017390444444,212.596,0.090254,0.0430605,25.506,0.05,0.1
DJI_20221106132054_0273.JPG,14.5202957777778,101.017303,212.584,0.090254,0.0430605,25.5059,0.05,0.1
DJI_20221106132056_0274.JPG,14.5204606666667,101.017210166667,212.585,-0.0901788,-0.0432179,25.6059,0.05,0.1
DJI_20221106132058_0275.JPG,14.5206155,101.017122444444,212.65,0.0902541,0.0430605,25.5059,0.05,0.1
DJI_20221106132100_0276.JPG,14.5207842222222,101.017026194444,212.623,-0.0901788,-0.0432179,25.6059,0.05,0.1
DJI_20221106132101_0277.JPG,14.5209355555556,101.016940222222,212.626,0.0902541,0.0430604,25.5059,0.05,0.1
DJI_20221106132103_0278.JPG,14.5211014166667,101.016846333333,212.636,0.0902541,0.0430604,25.5059,0.05,0.1
DJI_20221106132105_0279.JPG,14.5212548333333,101.016759,212.6,-0.0901788,-0.0432178,25.6058,0.05,0.1
DJI_20221106132107_0280.JPG,14.5214226111111,101.016664805556,212.578,0.0902541,0.0430603,25.5058,0.05,0.1
DJI_20221106132109_0281.JPG,14.5215820555556,101.016575583333,212.481,0.0902542,0.0430603,25.5058,0.05,0.1
DJI_20221106132111_0282.JPG,14.5217414722222,101.016485916667,212.524,0.0902542,0.0430603,25.5058,0.05,0.1
DJI_20221106132113_0283.JPG,14.5219096666667,101.016390972222,212.564,-0.0901789,-0.0432177,25.6058,0.05,0.1
DJI_20221106132115_0284.JPG,14.52206225,101.016305916667,212.58,0.0902542,0.0430602,25.5058,0.05,0.1
DJI_20221106132116_0285.JPG,14.5222290277778,101.016213638889,212.622,-0.0901789,-0.0432176,25.6057,0.05,0.1
DJI_20221106132118_0286.JPG,14.5223863055556,101.016124722222,212.632,-0.0901789,-0.0432176,25.6057,0.05,0.1
DJI_20221106132120_0287.JPG,14.5225429444444,101.01603625,212.637,-0.0901789,-0.0432176,25.6057,0.05,0.1
DJI_20221106132122_0288.JPG,14.5227071111111,101.015943222222,212.591,-0.090179,-0.0432176,25.6057,0.05,0.1
DJI_20221106132124_0289.JPG,14.5228614166667,101.01585425,212.517,-0.090179,-0.0432175,25.6057,0.05,0.1
DJI_20221106132126_0290.JPG,14.5230155,101.015769472222,212.635,-0.090179,-0.0432175,25.6057,0.05,0.1
DJI_20221106132127_0291.JPG,14.5230485833333,101.015751055556,212.572,0.090179,0.0432175,25.6057,0.05,0.1
DJI_20221106132128_0292.JPG,14.5230411666667,101.015747972222,212.46,0.00313116,0.099951,88.2057,0.05,0.1
DJI_20221106132132_0293.JPG,14.5229264444444,101.015588722222,212.349,-0.0419542,0.0907736,114.806,0.05,0.1
DJI_20221106132134_0294.JPG,14.5228337777778,101.015411944444,212.282,0.0421125,-0.0907003,114.906,0.05,0.1
DJI_20221106132136_0295.JPG,14.5227456388889,101.015242833333,212.33,0.0421124,-0.0907003,114.906,0.05,0.1
DJI_20221106132138_0296.JPG,14.5226696944444,101.015097055556,212.48,0.0421123,-0.0907003,114.906,0.05,0.1
DJI_20221106132140_0297.JPG,14.5226572222222,101.015072972222,212.545,-0.0421123,0.0907003,114.906,0.05,0.1
DJI_20221106132140_0298.JPG,14.5226565555556,101.015084722222,212.557,-0.098572,0.0168395,170.306,0.05,0.1
DJI_20221106132144_0299.JPG,14.5224947222222,101.015203,212.481,-0.0903294,-0.0429022,-154.595,0.05,0.1
DJI_20221106132146_0300.JPG,14.5223286666667,101.015295388889,212.509,-0.0903294,-0.0429022,-154.594,0.05,0.1
DJI_20221106132148_0301.JPG,14.5221663333333,101.015384972222,212.6,0.0904041,0.0427446,-154.694,0.05,0.1
DJI_20221106132150_0302.JPG,14.5220057777778,101.015475277778,212.593,0.0904041,0.0427446,-154.694,0.05,0.1
DJI_20221106132152_0303.JPG,14.5218512222222,101.015563277778,212.608,-0.0903294,-0.0429023,-154.594,0.05,0.1
DJI_20221106132154_0304.JPG,14.5216841111111,101.015657305556,212.59,-0.0903293,-0.0429024,-154.594,0.05,0.1
DJI_20221106132155_0305.JPG,14.5215274166667,101.015744916667,212.66,-0.0903293,-0.0429024,-154.594,0.05,0.1
DJI_20221106132157_0306.JPG,14.5213586666667,101.015839388889,212.677,-0.0903293,-0.0429024,-154.594,0.05,0.1
DJI_20221106132159_0307.JPG,14.5212075277778,101.015924527778,212.752,-0.0903293,-0.0429024,-154.594,0.05,0.1
DJI_20221106132201_0308.JPG,14.5210431111111,101.01601725,212.766,-0.0903293,-0.0429025,-154.594,0.05,0.1
DJI_20221106132203_0309.JPG,14.5208871111111,101.016105166667,212.788,-0.0903293,-0.0429025,-154.594,0.05,0.1
DJI_20221106132205_0310.JPG,14.5207203611111,101.016198888889,212.813,0.090404,0.0427448,-154.694,0.05,0.1
DJI_20221106132206_0311.JPG,14.5205654166667,101.016286722222,212.829,-0.0903293,-0.0429025,-154.594,0.05,0.1
DJI_20221106132208_0312.JPG,14.5204010277778,101.016378361111,212.899,0.090404,0.0427448,-154.694,0.05,0.1
DJI_20221106132210_0313.JPG,14.5202365833333,101.01647,212.9,-0.0903292,-0.0429026,-154.594,0.05,0.1
DJI_20221106132212_0314.JPG,14.52008025,101.016558527778,212.952,-0.0903292,-0.0429026,-154.594,0.05,0.1
DJI_20221106132214_0315.JPG,14.519914,101.01665275,213.021,0.0904039,0.0427449,-154.694,0.05,0.1
DJI_20221106132216_0316.JPG,14.5197570555556,101.016741611111,213.029,0.0904039,0.042745,-154.694,0.05,0.1
DJI_20221106132229_0323.JPG,14.5186394166667,101.017370722222,213.3,0.0904038,0.0427451,-154.694,0.05,0.1
DJI_20221106132231_0324.JPG,14.5184749722222,101.017462944444,213.316,-0.0903291,-0.0429029,-154.594,0.05,0.1
DJI_20221106132233_0325.JPG,14.5183104722222,101.017555111111,213.324,-0.0903291,-0.0429029,-154.594,0.05,0.1
DJI_20221106132234_0326.JPG,14.5181515,101.017643805556,213.371,-0.0903291,-0.0429029,-154.594,0.05,0.1
DJI_20221106132236_0327.JPG,14.5179962222222,101.017731777778,213.425,0.0904038,0.0427453,-154.694,0.05,0.1
DJI_20221106132238_0328.JPG,14.5178329166667,101.01782425,213.492,0.0904038,0.0427453,-154.694,0.05,0.1
DJI_20221106132240_0329.JPG,14.5176680277778,101.017917055556,213.514,-0.090329,-0.042903,-154.594,0.05,0.1
DJI_20221106132242_0330.JPG,14.5175081388889,101.018006277778,213.497,-0.090329,-0.0429031,-154.594,0.05,0.1
DJI_20221106132244_0331.JPG,14.5173473055556,101.018095888889,213.5,-0.090329,-0.0429031,-154.594,0.05,0.1
DJI_20221106132245_0332.JPG,14.5171913888889,101.018183722222,213.558,0.0904037,0.0427454,-154.694,0.05,0.1
DJI_20221106132247_0333.JPG,14.5170280277778,101.018276333333,213.602,0.0904037,0.0427454,-154.694,0.05,0.1
DJI_20221106132249_0334.JPG,14.5168723611111,101.018364888889,213.666,-0.090329,-0.0429032,-154.594,0.05,0.1
DJI_20221106132251_0335.JPG,14.5167086111111,101.018457444444,213.7,-0.0903289,-0.0429032,-154.594,0.05,0.1
DJI_20221106132253_0336.JPG,14.5165526666667,101.018545333333,213.746,-0.0903289,-0.0429032,-154.594,0.05,0.1
DJI_20221106132255_0337.JPG,14.5163863611111,101.018640472222,213.759,-0.0903289,-0.0429032,-154.594,0.05,0.1
DJI_20221106132257_0338.JPG,14.5162315833333,101.018728277778,213.741,0.0904036,0.0427456,-154.694,0.05,0.1
DJI_20221106132258_0339.JPG,14.5160644722222,101.018822722222,213.741,-0.0903289,-0.0429033,-154.594,0.05,0.1
DJI_20221106132300_0340.JPG,14.5159102222222,101.018908916667,213.822,-0.0903289,-0.0429033,-154.594,0.05,0.1
DJI_20221106132302_0341.JPG,14.5157453055556,101.019001027778,213.845,0.0904036,0.0427456,-154.694,0.05,0.1
DJI_20221106132304_0342.JPG,14.5155875833333,101.01909025,213.891,-0.0903289,-0.0429034,-154.594,0.05,0.1
DJI_20221106132306_0343.JPG,14.5154206388889,101.019182722222,213.925,0.0904036,0.0427457,-154.694,0.05,0.1
DJI_20221106132308_0344.JPG,14.5152657222222,101.019269138889,213.928,0.0904036,0.0427457,-154.694,0.05,0.1
DJI_20221106132310_0345.JPG,14.5151013888889,101.019362555556,213.958,-0.0903288,-0.0429035,-154.594,0.05,0.1
DJI_20221106132311_0346.JPG,14.5149375,101.0194555,213.973,0.0904035,0.0427458,-154.694,0.05,0.1
DJI_20221106132313_0347.JPG,14.5147766388889,101.019545666667,214.019,-0.0903288,-0.0429035,-154.594,0.05,0.1
DJI_20221106132315_0348.JPG,14.5146204166667,101.019633361111,214.067,0.0904035,0.0427458,-154.694,0.05,0.1
DJI_20221106132317_0349.JPG,14.5144717222222,101.019713888889,214.192,0.0904035,0.0427459,-154.694,0.05,0.1
DJI_20221106132319_0350.JPG,14.5144327777778,101.019735611111,214.12,-0.0903288,-0.0429036,-154.594,0.05,0.1
DJI_20221106132320_0351.JPG,14.51443375,101.019726055556,214.096,-0.0737353,0.0675508,137.506,0.05,0.1
DJI_20221106132323_0352.JPG,14.5143651944444,101.019538027778,214.374,-0.0421137,0.0906997,114.906,0.05,0.1
DJI_20221106132325_0353.JPG,14.514275,101.019365888889,214.686,-0.0421136,0.0906998,114.906,0.05,0.1
DJI_20221106132327_0354.JPG,14.51418725,101.019199611111,215.068,0.0422717,-0.0906262,115.006,0.05,0.1
DJI_20221106132329_0355.JPG,14.5141101111111,101.019050972222,215.508,0.0422717,-0.0906262,115.006,0.05,0.1
DJI_20221106132331_0356.JPG,14.5140988888889,101.019026722222,215.714,0.0422717,-0.0906262,115.006,0.05,0.1
DJI_20221106132332_0357.JPG,14.5141125,101.019032111111,215.725,0.0634647,0.0772802,50.6062,0.05,0.1
DJI_20221106132335_0358.JPG,14.5142962777778,101.018954333333,215.553,0.0905523,0.0424297,25.1062,0.05,0.1
DJI_20221106132337_0359.JPG,14.5144618611111,101.018861583333,215.531,-0.0904781,-0.0425877,25.2061,0.05,0.1
DJI_20221106132339_0360.JPG,14.5146255555556,101.018769666667,215.518,-0.0904781,-0.0425876,25.2061,0.05,0.1
DJI_20221106132341_0361.JPG,14.5147796388889,101.018682444444,215.512,-0.0904782,-0.0425876,25.2061,0.05,0.1
DJI_20221106132343_0362.JPG,14.5149478611111,101.018586305556,215.399,0.0905524,0.0424296,25.1061,0.05,0.1
DJI_20221106132344_0363.JPG,14.5151071388889,101.018497083333,215.297,0.0905524,0.0424296,25.1061,0.05,0.1
DJI_20221106132346_0364.JPG,14.5152668611111,101.018407388889,215.236,0.0905524,0.0424295,25.1061,0.05,0.1
DJI_20221106132348_0365.JPG,14.51542875,101.018316361111,215.135,0.0905524,0.0424295,25.106,0.05,0.1
DJI_20221106132350_0366.JPG,14.5155851388889,101.018227888889,215.051,0.0905524,0.0424295,25.106,0.05,0.1
DJI_20221106132352_0367.JPG,14.5157485555556,101.018133944444,214.859,0.0905524,0.0424295,25.106,0.05,0.1
DJI_20221106132354_0368.JPG,14.5159055555556,101.018045333333,214.776,0.0905524,0.0424294,25.106,0.05,0.1
DJI_20221106132355_0369.JPG,14.5160686388889,101.0179545,214.666,0.0905525,0.0424294,25.106,0.05,0.1
DJI_20221106132357_0370.JPG,14.5162235555556,101.017867611111,214.539,0.0905525,0.0424294,25.106,0.05,0.1
DJI_20221106132359_0371.JPG,14.5163946111111,101.017770861111,214.465,-0.0904783,-0.0425873,25.2059,0.05,0.1
DJI_20221106132401_0372.JPG,14.5165491944444,101.017682805556,214.353,-0.0904783,-0.0425873,25.2059,0.05,0.1
DJI_20221106132403_0373.JPG,14.5167097777778,101.017593194444,214.296,-0.0904783,-0.0425873,25.2059,0.05,0.1
DJI_20221106132405_0374.JPG,14.5168751944444,101.017500027778,214.224,0.0905525,0.0424293,25.1059,0.05,0.1
DJI_20221106132407_0375.JPG,14.5170308888889,101.017411916667,214.142,0.0905525,0.0424292,25.1059,0.05,0.1
DJI_20221106132409_0376.JPG,14.5172010555556,101.01731625,214.103,0.0905525,0.0424292,25.1058,0.05,0.1
DJI_20221106132410_0377.JPG,14.517354,101.017231361111,214.08,-0.0904784,-0.0425872,25.2058,0.05,0.1
DJI_20221106132412_0378.JPG,14.5175193888889,101.017138722222,214.041,0.0905526,0.0424292,25.1058,0.05,0.1
DJI_20221106132414_0379.JPG,14.5176811111111,101.017047138889,214.001,-0.0904784,-0.0425871,25.2058,0.05,0.1
DJI_20221106132416_0380.JPG,14.5178350277778,101.016959833333,213.92,-0.0904784,-0.0425871,25.2058,0.05,0.1
DJI_20221106132418_0381.JPG,14.5180036666667,101.016865305556,213.834,-0.0904784,-0.0425871,25.2058,0.05,0.1
DJI_20221106132420_0382.JPG,14.51816025,101.016777416667,213.794,-0.0904784,-0.042587,25.2057,0.05,0.1
DJI_20221106132422_0383.JPG,14.51832575,101.016685194444,213.781,0.0905526,0.042429,25.1057,0.05,0.1
DJI_20221106132423_0384.JPG,14.5184827222222,101.016597361111,213.67,0.0905526,0.042429,25.1057,0.05,0.1
DJI_20221106132425_0385.JPG,14.5186470555556,101.016503861111,213.587,0.0905527,0.042429,25.1057,0.05,0.1
DJI_20221106132427_0386.JPG,14.51880625,101.0164135,213.444,0.0905527,0.0424289,25.1057,0.05,0.1
DJI_20221106132429_0387.JPG,14.5189693611111,101.01632075,213.336,0.0905527,0.0424289,25.1057,0.05,0.1
DJI_20221106132431_0388.JPG,14.51912225,101.016236138889,213.332,0.0905527,0.0424289,25.1056,0.05,0.1
DJI_20221106132433_0389.JPG,14.5192878888889,101.016143444444,213.266,0.0905527,0.0424289,25.1056,0.05,0.1
DJI_20221106132434_0390.JPG,14.5194519722222,101.016051361111,213.226,0.0905527,0.0424288,25.1056,0.05,0.1
DJI_20221106132436_0391.JPG,14.51961475,101.015959666667,213.154,-0.0904785,-0.0425868,25.2056,0.05,0.1
DJI_20221106132438_0392.JPG,14.5197716111111,101.015871027778,213.06,0.0905527,0.0424288,25.1056,0.05,0.1
DJI_20221106132440_0393.JPG,14.5199364444444,101.015778055556,212.854,0.0905528,0.0424288,25.1056,0.05,0.1
DJI_20221106132442_0394.JPG,14.5200870277778,101.015692611111,212.721,-0.0904786,-0.0425867,25.2055,0.05,0.1
DJI_20221106132444_0395.JPG,14.5202515833333,101.015599666667,212.535,-0.0904786,-0.0425867,25.2055,0.05,0.1
DJI_20221106132446_0396.JPG,14.5204212777778,101.015505083333,212.41,-0.0904786,-0.0425867,25.2055,0.05,0.1
DJI_20221106132447_0397.JPG,14.5205723055556,101.01542025,212.365,0.0905528,0.0424286,25.1055,0.05,0.1
DJI_20221106132449_0398.JPG,14.5207379166667,101.015325916667,212.316,-0.0904786,-0.0425866,25.2055,0.05,0.1
DJI_20221106132451_0399.JPG,14.5209034722222,101.015232416667,212.263,-0.0904786,-0.0425866,25.2055,0.05,0.1
DJI_20221106132453_0400.JPG,14.5210592222222,101.015142638889,212.097,0.0905528,0.0424286,25.1054,0.05,0.1
DJI_20221106132455_0401.JPG,14.5212230833333,101.015050083333,212.067,0.0905529,0.0424285,25.1054,0.05,0.1
DJI_20221106132457_0402.JPG,14.5213857222222,101.014959722222,212.063,-0.0904787,-0.0425865,25.2054,0.05,0.1
DJI_20221106132459_0403.JPG,14.5215371666667,101.014874722222,212.047,-0.0904787,-0.0425865,25.2054,0.05,0.1
DJI_20221106132500_0404.JPG,14.5217036111111,101.014782138889,212.034,-0.0904787,-0.0425864,25.2054,0.05,0.1
DJI_20221106132502_0405.JPG,14.5218662222222,101.0146915,211.889,-0.0904787,-0.0425864,25.2053,0.05,0.1
DJI_20221106132504_0406.JPG,14.5220291111111,101.014600083333,211.867,-0.0904787,-0.0425864,25.2053,0.05,0.1
DJI_20221106132506_0407.JPG,14.5221863055556,101.014511694444,211.906,0.0905529,0.0424284,25.1053,0.05,0.1
DJI_20221106132508_0408.JPG,14.5223344722222,101.014427861111,211.97,-0.0904788,-0.0425863,25.2053,0.05,0.1
DJI_20221106132509_0409.JPG,14.5223555833333,101.014416194444,211.855,0.0904788,0.0425863,25.2053,0.05,0.1
DJI_20221106132510_0410.JPG,14.5223449166667,101.014412472222,211.932,0.0118496,-0.0992954,96.8053,0.05,0.1
DJI_20221106132514_0411.JPG,14.522228,101.014253277778,211.671,-0.0444718,0.0895671,116.405,0.05,0.1
DJI_20221106132517_0412.JPG,14.5221334166667,101.014072333333,211.205,0.044628,-0.0894893,116.505,0.05,0.1
DJI_20221106132518_0413.JPG,14.52204725,101.0139095,210.932,0.0446279,-0.0894894,116.505,0.05,0.1
DJI_20221106132521_0414.JPG,14.5219684722222,101.013760277778,210.875,0.0446279,-0.0894894,116.505,0.05,0.1
DJI_20221106132522_0415.JPG,14.5219580555556,101.013739444444,210.966,-0.0444716,0.0895672,116.405,0.05,0.1
DJI_20221106132523_0416.JPG,14.5219569166667,101.013750972222,210.992,-0.098131,0.0192434,168.905,0.05,0.1
DJI_20221106132527_0417.JPG,14.5217966666667,101.013871305556,210.888,-0.0901038,-0.043374,-154.295,0.05,0.1
DJI_20221106132529_0418.JPG,14.521629,101.013964111111,210.932,-0.0901038,-0.0433741,-154.295,0.05,0.1
DJI_20221106132531_0419.JPG,14.5214645277778,101.014054638889,211.023,-0.0901038,-0.0433741,-154.295,0.05,0.1
DJI_20221106132532_0420.JPG,14.5213023055556,101.014145833333,211.069,-0.0901038,-0.0433741,-154.295,0.05,0.1
DJI_20221106132534_0421.JPG,14.5211510277778,101.014231416667,211.166,-0.0901038,-0.0433741,-154.295,0.05,0.1
DJI_20221106132536_0422.JPG,14.5209857222222,101.014324083333,211.206,-0.0901037,-0.0433742,-154.295,0.05,0.1
DJI_20221106132538_0423.JPG,14.5208287222222,101.014411722222,211.241,-0.0901037,-0.0433742,-154.295,0.05,0.1
DJI_20221106132540_0424.JPG,14.5206628055556,101.014504611111,211.246,0.0901793,0.0432169,-154.395,0.05,0.1
DJI_20221106132542_0425.JPG,14.5205098888889,101.014590972222,211.322,-0.0901037,-0.0433742,-154.295,0.05,0.1
DJI_20221106132543_0426.JPG,14.5203403888889,101.014686222222,211.404,-0.0901037,-0.0433743,-154.295,0.05,0.1
DJI_20221106132545_0427.JPG,14.5201852222222,101.014773583333,211.499,-0.0901037,-0.0433743,-154.295,0.05,0.1
DJI_20221106132547_0428.JPG,14.5200223333333,101.014864805556,211.583,-0.0901037,-0.0433743,-154.295,0.05,0.1
DJI_20221106132549_0429.JPG,14.5198667222222,101.014952861111,211.665,0.0901792,0.043217,-154.395,0.05,0.1
DJI_20221106132551_0430.JPG,14.5197002222222,101.0150475,211.779,0.0901792,0.0432171,-154.395,0.05,0.1
DJI_20221106132553_0431.JPG,14.5195425555556,101.015135888889,211.946,0.0901792,0.0432171,-154.395,0.05,0.1
DJI_20221106132555_0432.JPG,14.5193786944444,101.015228055556,211.997,-0.0901036,-0.0433744,-154.295,0.05,0.1
DJI_20221106132556_0433.JPG,14.5192222222222,101.015316305556,212.073,-0.0901036,-0.0433745,-154.295,0.05,0.1
DJI_20221106132558_0434.JPG,14.5190578055556,101.015409194444,212.097,-0.0901036,-0.0433745,-154.295,0.05,0.1
DJI_20221106132600_0435.JPG,14.5188895,101.015503972222,212.185,-0.0901036,-0.0433745,-154.295,0.05,0.1
DJI_20221106132602_0436.JPG,14.5187359444444,101.015589944444,212.217,-0.0901036,-0.0433745,-154.295,0.05,0.1
DJI_20221106132604_0437.JPG,14.5185686111111,101.015684333333,212.282,-0.0901035,-0.0433746,-154.295,0.05,0.1
DJI_20221106132606_0438.JPG,14.5184171111111,101.01576975,212.317,0.0901791,0.0432173,-154.394,0.05,0.1
DJI_20221106132608_0439.JPG,14.5182526944444,101.015862222222,212.399,-0.0901035,-0.0433746,-154.294,0.05,0.1
DJI_20221106132609_0440.JPG,14.5180911388889,101.015953055556,212.386,-0.0901035,-0.0433746,-154.294,0.05,0.1
DJI_20221106132611_0441.JPG,14.5179318888889,101.016042666667,212.416,-0.0901035,-0.0433747,-154.294,0.05,0.1
DJI_20221106132613_0442.JPG,14.5177688888889,101.016134916667,212.512,0.090179,0.0432174,-154.394,0.05,0.1
DJI_20221106132615_0443.JPG,14.5176054444444,101.016227083333,212.572,-0.0901035,-0.0433747,-154.294,0.05,0.1
DJI_20221106132617_0444.JPG,14.5174459444444,101.016316305556,212.625,0.090179,0.0432174,-154.394,0.05,0.1
DJI_20221106132619_0445.JPG,14.5172824722222,101.016407333333,212.707,0.090179,0.0432175,-154.394,0.05,0.1
DJI_20221106132621_0446.JPG,14.5171261388889,101.016494,212.744,-0.0901034,-0.0433748,-154.294,0.05,0.1
DJI_20221106132622_0447.JPG,14.5169601388889,101.016587694444,212.816,-0.0901034,-0.0433748,-154.294,0.05,0.1
DJI_20221106132624_0448.JPG,14.5168035,101.016676083333,212.922,-0.0901034,-0.0433749,-154.294,0.05,0.1
DJI_20221106132626_0449.JPG,14.5166381666667,101.0167695,213.027,0.090179,0.0432176,-154.394,0.05,0.1
DJI_20221106132628_0450.JPG,14.51648175,101.016857638889,213.123,0.0901789,0.0432176,-154.394,0.05,0.1
DJI_20221106132630_0451.JPG,14.5163235,101.016946666667,213.211,0.0901789,0.0432176,-154.394,0.05,0.1
DJI_20221106132632_0452.JPG,14.5161591944444,101.01703875,213.298,0.0901789,0.0432176,-154.394,0.05,0.1
DJI_20221106132634_0453.JPG,14.5159945,101.017132472222,213.359,-0.0901033,-0.043375,-154.294,0.05,0.1
DJI_20221106132635_0454.JPG,14.5158398888889,101.017220222222,213.458,0.0901789,0.0432177,-154.394,0.05,0.1
DJI_20221106132637_0455.JPG,14.5156794722222,101.017310388889,213.59,0.0901789,0.0432177,-154.394,0.05,0.1
DJI_20221106132639_0456.JPG,14.5155164166667,101.017401055556,213.614,0.0901789,0.0432178,-154.394,0.05,0.1
DJI_20221106132641_0457.JPG,14.5153595555556,101.017490583333,213.656,0.0901788,0.0432178,-154.394,0.05,0.1
DJI_20221106132643_0458.JPG,14.5151955833333,101.017582333333,213.682,0.0901788,0.0432178,-154.394,0.05,0.1
DJI_20221106132645_0459.JPG,14.5150395555556,101.017669527778,213.746,-0.0901033,-0.0433752,-154.294,0.05,0.1
DJI_20221106132647_0460.JPG,14.5148711666667,101.017764777778,213.881,-0.0901032,-0.0433752,-154.294,0.05,0.1
DJI_20221106132648_0461.JPG,14.5147190555556,101.017851083333,213.981,-0.0901032,-0.0433752,-154.294,0.05,0.1
DJI_20221106132650_0462.JPG,14.5145526111111,101.017945222222,214.073,0.0901788,0.0432179,-154.394,0.05,0.1
DJI_20221106132652_0463.JPG,14.51439525,101.018034138889,214.121,0.0901788,0.0432179,-154.394,0.05,0.1
DJI_20221106132654_0464.JPG,14.5142321111111,101.01812675,214.211,0.0901788,0.043218,-154.394,0.05,0.1
DJI_20221106132656_0465.JPG,14.5140736388889,101.018215833333,214.236,0.0901787,0.043218,-154.394,0.05,0.1
DJI_20221106132658_0466.JPG,14.5139076111111,101.018308055556,214.303,0.0901787,0.043218,-154.394,0.05,0.1
DJI_20221106132700_0467.JPG,14.51376325,101.018388916667,214.446,0.0901787,0.0432181,-154.394,0.05,0.1
DJI_20221106132701_0468.JPG,14.51374125,101.018399666667,214.458,0.090254,0.0430606,-154.494,0.05,0.1
DJI_20221106132702_0469.JPG,14.5137418888889,101.01839225,214.449,-0.082812,0.0560552,145.906,0.05,0.1
DJI_20221106132706_0470.JPG,14.5136750277778,101.018200444444,213.921,0.0427453,-0.0904038,115.306,0.05,0.1
DJI_20221106132708_0471.JPG,14.5135871944444,101.018031277778,213.542,0.0427452,-0.0904038,115.306,0.05,0.1
DJI_20221106132709_0472.JPG,14.5134991388889,101.017863361111,213.304,0.0427451,-0.0904039,115.306,0.05,0.1
DJI_20221106132712_0473.JPG,14.5134193055556,101.017710888889,213.036,0.0427451,-0.0904039,115.306,0.05,0.1
DJI_20221106132713_0474.JPG,14.5134079166667,101.017687138889,213.074,-0.0424292,0.0905525,115.106,0.05,0.1
DJI_20221106132714_0475.JPG,14.5134291111111,101.017692638889,213.071,0.0842398,0.0538857,32.6058,0.05,0.1
DJI_20221106132718_0476.JPG,14.5136038333333,101.017617194444,212.846,0.0907735,0.0419544,24.8058,0.05,0.1
DJI_20221106132720_0477.JPG,14.5137648611111,101.017526083333,212.796,0.0907735,0.0419544,24.8058,0.05,0.1
DJI_20221106132722_0478.JPG,14.5139279444444,101.01743375,212.83,0.0907735,0.0419544,24.8058,0.05,0.1
DJI_20221106132723_0479.JPG,14.5140874166667,101.017343444444,212.831,-0.0907002,-0.0421127,24.9057,0.05,0.1
DJI_20221106132725_0480.JPG,14.5142513611111,101.01725025,212.75,0.0907735,0.0419543,24.8057,0.05,0.1
DJI_20221106132727_0481.JPG,14.5144102222222,101.017160333333,212.644,0.0907736,0.0419543,24.8057,0.05,0.1
DJI_20221106132729_0482.JPG,14.5145751111111,101.017067722222,212.708,-0.0907002,-0.0421126,24.9057,0.05,0.1
DJI_20221106132731_0483.JPG,14.5147269444444,101.016982361111,212.71,0.0907736,0.0419542,24.8057,0.05,0.1
DJI_20221106132733_0484.JPG,14.5148932222222,101.016888972222,212.716,0.0907736,0.0419542,24.8057,0.05,0.1
DJI_20221106132734_0485.JPG,14.51505025,101.016801055556,212.754,0.0907736,0.0419542,24.8056,0.05,0.1
DJI_20221106132736_0486.JPG,14.5152146111111,101.016708388889,212.637,-0.0907003,-0.0421125,24.9056,0.05,0.1
DJI_20221106132738_0487.JPG,14.5153786388889,101.016615333333,212.582,0.0907736,0.0419541,24.8056,0.05,0.1
DJI_20221106132740_0488.JPG,14.51553475,101.0165275,212.505,0.0907736,0.0419541,24.8056,0.05,0.1
DJI_20221106132742_0489.JPG,14.5156995833333,101.016435055556,212.482,0.0907737,0.0419541,24.8056,0.05,0.1
DJI_20221106132744_0490.JPG,14.5158564166667,101.016347555556,212.471,-0.0907003,-0.0421124,24.9056,0.05,0.1
DJI_20221106132746_0491.JPG,14.51601675,101.016257555556,212.441,0.0907737,0.041954,24.8055,0.05,0.1
DJI_20221106132748_0492.JPG,14.5161841944444,101.016163777778,212.338,-0.0907003,-0.0421124,24.9055,0.05,0.1
DJI_20221106132749_0493.JPG,14.5163381666667,101.016076583333,212.36,0.0907737,0.041954,24.8055,0.05,0.1
DJI_20221106132751_0494.JPG,14.5165054166667,101.015982722222,212.34,-0.0907004,-0.0421123,24.9055,0.05,0.1
DJI_20221106132753_0495.JPG,14.5166618055556,101.015894194444,212.228,-0.0907004,-0.0421123,24.9055,0.05,0.1
DJI_20221106132755_0496.JPG,14.5168188888889,101.015805388889,212.184,0.0907737,0.0419539,24.8055,0.05,0.1
DJI_20221106132757_0497.JPG,14.5169851388889,101.015709666667,212.075,0.0907738,0.0419539,24.8054,0.05,0.1
DJI_20221106132759_0498.JPG,14.5171436388889,101.01562075,212.079,-0.0907004,-0.0421122,24.9054,0.05,0.1
DJI_20221106132801_0499.JPG,14.5173035555556,101.015531833333,212.054,0.0907738,0.0419538,24.8054,0.05,0.1
DJI_20221106132802_0500.JPG,14.5174669444444,101.015439944444,212.005,0.0907738,0.0419538,24.8054,0.05,0.1
DJI_20221106132804_0501.JPG,14.5176218888889,101.015352361111,211.909,-0.0907004,-0.0421121,24.9054,0.05,0.1
DJI_20221106132806_0502.JPG,14.5177861944444,101.015258555556,211.835,-0.0907005,-0.0421121,24.9054,0.05,0.1
DJI_20221106132808_0503.JPG,14.5179528611111,101.015165027778,211.821,0.0907738,0.0419537,24.8053,0.05,0.1
DJI_20221106132810_0504.JPG,14.5181101388889,101.015077611111,211.866,-0.0907005,-0.042112,24.9053,0.05,0.1
DJI_20221106132812_0505.JPG,14.5182682777778,101.014989944444,211.833,-0.0907005,-0.042112,24.9053,0.05,0.1
DJI_20221106132814_0506.JPG,14.5184306944444,101.014898472222,211.751,0.0907739,0.0419536,24.8053,0.05,0.1
DJI_20221106132815_0507.JPG,14.5185977777778,101.014803472222,211.667,-0.0907005,-0.042112,24.9053,0.05,0.1
DJI_20221106132817_0508.JPG,14.5187539722222,101.014714638889,211.595,-0.0907005,-0.0421119,24.9052,0.05,0.1
DJI_20221106132819_0509.JPG,14.5189164166667,101.014623083333,211.549,-0.0907005,-0.0421119,24.9052,0.05,0.1
DJI_20221106132821_0510.JPG,14.5190761666667,101.014533388889,211.475,-0.0907006,-0.0421119,24.9052,0.05,0.1
DJI_20221106132823_0511.JPG,14.5192378611111,101.014443027778,211.471,0.0907739,0.0419535,24.8052,0.05,0.1
DJI_20221106132825_0512.JPG,14.5193946944444,101.014354305556,211.452,-0.0907006,-0.0421118,24.9052,0.05,0.1
DJI_20221106132827_0513.JPG,14.5195625,101.01426,211.397,-0.0907006,-0.0421118,24.9052,0.05,0.1
DJI_20221106132828_0514.JPG,14.5197206388889,101.014171666667,211.316,0.090774,0.0419534,24.8051,0.05,0.1
DJI_20221106132830_0515.JPG,14.5198755277778,101.014084666667,211.272,0.090774,0.0419534,24.8051,0.05,0.1
DJI_20221106132832_0516.JPG,14.5200400555556,101.01399175,211.218,-0.0907006,-0.0421117,24.9051,0.05,0.1
DJI_20221106132834_0517.JPG,14.5202064722222,101.013897555556,211.162,-0.0907007,-0.0421117,24.9051,0.05,0.1
DJI_20221106132836_0518.JPG,14.5203607777778,101.013810333333,211.125,-0.0907007,-0.0421117,24.9051,0.05,0.1
DJI_20221106132838_0519.JPG,14.5205256388889,101.013717611111,211.067,0.090774,0.0419533,24.8051,0.05,0.1
DJI_20221106132839_0520.JPG,14.5206821388889,101.0136305,210.956,-0.0907007,-0.0421116,24.905,0.05,0.1
DJI_20221106132841_0521.JPG,14.5208448055556,101.013537666667,210.844,-0.0907007,-0.0421116,24.905,0.05,0.1
DJI_20221106132843_0522.JPG,14.5210094722222,101.013445805556,210.804,-0.0907007,-0.0421115,24.905,0.05,0.1
DJI_20221106132845_0523.JPG,14.5211644722222,101.013357944444,210.733,0.0907741,0.0419531,24.805,0.05,0.1
DJI_20221106132847_0524.JPG,14.5213284444444,101.013265444444,210.741,-0.0907007,-0.0421115,24.905,0.05,0.1
DJI_20221106132849_0525.JPG,14.5214854722222,101.013177111111,210.698,-0.0907008,-0.0421115,24.905,0.05,0.1
DJI_20221106132851_0526.JPG,14.5216354166667,101.0130945,210.902,-0.0907008,-0.0421114,24.9049,0.05,0.1
DJI_20221106132853_0527.JPG,14.5216504166667,101.013085083333,210.715,0.060592,0.0795526,52.7049,0.05,0.1
DJI_20221106132853_0528.JPG,14.5216398055556,101.01308,210.665,-0.0092457,0.0995717,95.305,0.05,0.1
DJI_20221106132857_0529.JPG,14.5215292222222,101.012921583333,210.365,-0.0416359,0.09092,114.605,0.05,0.1
DJI_20221106132859_0530.JPG,14.5214375555556,101.012748527778,210.165,-0.0416359,0.0909201,114.605,0.05,0.1
DJI_20221106132901_0531.JPG,14.5213504166667,101.01258225,210.031,0.0417944,-0.0908473,114.705,0.05,0.1
DJI_20221106132903_0532.JPG,14.5212701111111,101.012427972222,209.982,0.0417943,-0.0908473,114.705,0.05,0.1
DJI_20221106132905_0533.JPG,14.5212592777778,101.012406638889,210.058,0.0417943,-0.0908473,114.705,0.05,0.1
DJI_20221106132906_0534.JPG,14.5212519166667,101.012428444444,210.064,-0.0941442,-0.0337174,-160.295,0.05,0.1
DJI_20221106132909_0535.JPG,14.5210956111111,101.012538166667,209.895,0.0904047,0.0427434,-154.695,0.05,0.1
DJI_20221106132911_0536.JPG,14.5209338333333,101.012628027778,209.991,-0.0903299,-0.0429011,-154.595,0.05,0.1
DJI_20221106132913_0537.JPG,14.52076875,101.012719583333,210.073,0.0904047,0.0427434,-154.695,0.05,0.1
DJI_20221106132915_0538.JPG,14.5206107222222,101.012807388889,210.138,0.0904046,0.0427434,-154.695,0.05,0.1
DJI_20221106132917_0539.JPG,14.5204458888889,101.012900916667,210.163,-0.0903299,-0.0429012,-154.595,0.05,0.1
DJI_20221106132918_0540.JPG,14.5202896944444,101.012989166667,210.213,-0.0903299,-0.0429012,-154.595,0.05,0.1
DJI_20221106132920_0541.JPG,14.5201277777778,101.013080333333,210.256,-0.0903299,-0.0429012,-154.595,0.05,0.1
DJI_20221106132922_0542.JPG,14.5199618055556,101.013173222222,210.274,0.0904046,0.0427436,-154.695,0.05,0.1
DJI_20221106132924_0543.JPG,14.5198071944444,101.013260277778,210.358,-0.0903298,-0.0429013,-154.595,0.05,0.1
DJI_20221106132926_0544.JPG,14.5196356944444,101.013356638889,210.453,-0.0903298,-0.0429013,-154.595,0.05,0.1
DJI_20221106132928_0545.JPG,14.5194839444444,101.013442111111,210.536,-0.0903298,-0.0429014,-154.595,0.05,0.1
DJI_20221106132930_0546.JPG,14.5193278888889,101.013529888889,210.586,0.0904045,0.0427437,-154.695,0.05,0.1
DJI_20221106132931_0547.JPG,14.5191635833333,101.013622777778,210.634,0.0904045,0.0427437,-154.695,0.05,0.1
DJI_20221106132933_0548.JPG,14.51899975,101.01371575,210.692,-0.0903298,-0.0429014,-154.595,0.05,0.1
DJI_20221106132935_0549.JPG,14.5188399722222,101.013805583333,210.736,0.0904045,0.0427437,-154.695,0.05,0.1
DJI_20221106132937_0550.JPG,14.5186783055556,101.013896611111,210.795,0.0904045,0.0427438,-154.695,0.05,0.1
DJI_20221106132939_0551.JPG,14.5185186666667,101.013985472222,210.811,-0.0903297,-0.0429015,-154.595,0.05,0.1
DJI_20221106132941_0552.JPG,14.5183553055556,101.014076305556,210.909,-0.0903297,-0.0429015,-154.595,0.05,0.1
DJI_20221106132943_0553.JPG,14.5181974722222,101.014165194444,210.975,0.0904044,0.0427439,-154.695,0.05,0.1
DJI_20221106132944_0554.JPG,14.5180360833333,101.014256388889,211,-0.0903297,-0.0429016,-154.595,0.05,0.1
DJI_20221106132946_0555.JPG,14.5178693611111,101.014350805556,211.066,0.0904044,0.0427439,-154.695,0.05,0.1
DJI_20221106132948_0556.JPG,14.5177105555556,101.014441055556,211.122,0.0904044,0.0427439,-154.695,0.05,0.1
DJI_20221106132950_0557.JPG,14.5175471111111,101.01453275,211.194,0.0904044,0.042744,-154.695,0.05,0.1
DJI_20221106132952_0558.JPG,14.5173894722222,101.014621361111,211.257,0.0904044,0.042744,-154.695,0.05,0.1
DJI_20221106132954_0559.JPG,14.5172315277778,101.014709361111,211.313,0.0904044,0.042744,-154.695,0.05,0.1
DJI_20221106132956_0560.JPG,14.5170668055556,101.014802,211.362,-0.0903296,-0.0429018,-154.595,0.05,0.1
DJI_20221106132957_0561.JPG,14.5169096111111,101.014891194444,211.43,0.0904043,0.0427441,-154.695,0.05,0.1
DJI_20221106132959_0562.JPG,14.5167537222222,101.014979972222,211.511,0.0904043,0.0427441,-154.695,0.05,0.1
DJI_20221106133001_0563.JPG,14.5165884166667,101.015072527778,211.667,-0.0903296,-0.0429018,-154.595,0.05,0.1
DJI_20221106133003_0564.JPG,14.5164276944444,101.015162055556,211.79,-0.0903296,-0.0429019,-154.595,0.05,0.1
DJI_20221106133005_0565.JPG,14.5162696111111,101.015251361111,211.84,-0.0903296,-0.0429019,-154.595,0.05,0.1
DJI_20221106133007_0566.JPG,14.5161051666667,101.015344305556,211.919,0.0904043,0.0427442,-154.695,0.05,0.1
DJI_20221106133009_0567.JPG,14.5159477777778,101.015432972222,211.957,-0.0903295,-0.042902,-154.595,0.05,0.1
DJI_20221106133010_0568.JPG,14.5157831388889,101.015525555556,212.033,0.0904043,0.0427443,-154.695,0.05,0.1
DJI_20221106133012_0569.JPG,14.5156271666667,101.015613805556,212.104,0.0904042,0.0427443,-154.695,0.05,0.1
DJI_20221106133014_0570.JPG,14.5154702222222,101.015702805556,212.188,0.0904042,0.0427443,-154.695,0.05,0.1
DJI_20221106133016_0571.JPG,14.5153107777778,101.015792194444,212.189,0.0904042,0.0427443,-154.695,0.05,0.1
DJI_20221106133018_0572.JPG,14.5151455833333,101.015885,212.291,-0.0903295,-0.0429021,-154.595,0.05,0.1
DJI_20221106133020_0573.JPG,14.5149766111111,101.01597875,212.276,0.0904042,0.0427444,-154.695,0.05,0.1
DJI_20221106133022_0574.JPG,14.5148218055556,101.016066583333,212.354,0.0904042,0.0427444,-154.695,0.05,0.1
DJI_20221106133023_0575.JPG,14.5146651388889,101.016153972222,212.385,-0.0903294,-0.0429022,-154.595,0.05,0.1
DJI_20221106133025_0576.JPG,14.5145004722222,101.016246222222,212.433,-0.0903294,-0.0429022,-154.595,0.05,0.1
DJI_20221106133027_0577.JPG,14.5143449722222,101.016334722222,212.49,-0.0903294,-0.0429022,-154.594,0.05,0.1
DJI_20221106133029_0578.JPG,14.5141746388889,101.016430916667,212.528,-0.0903294,-0.0429023,-154.594,0.05,0.1
DJI_20221106133031_0579.JPG,14.5140172777778,101.016519027778,212.565,-0.0903294,-0.0429023,-154.594,0.05,0.1
DJI_20221106133033_0580.JPG,14.5138612222222,101.016606416667,212.579,-0.0903294,-0.0429023,-154.594,0.05,0.1
DJI_20221106133035_0581.JPG,14.5136955277778,101.016699222222,212.619,-0.0903293,-0.0429023,-154.594,0.05,0.1
DJI_20221106133036_0582.JPG,14.5135354444444,101.016788944444,212.605,-0.0903293,-0.0429024,-154.594,0.05,0.1
DJI_20221106133038_0583.JPG,14.5133800555556,101.016877277778,212.672,0.0904041,0.0427447,-154.694,0.05,0.1
DJI_20221106133040_0584.JPG,14.5132168888889,101.016969916667,212.735,-0.0903293,-0.0429024,-154.594,0.05,0.1
DJI_20221106133043_0585.JPG,14.5130676944444,101.017053083333,212.843,0.090404,0.0427447,-154.694,0.05,0.1
DJI_20221106133044_0586.JPG,14.5130506666667,101.017061388889,212.849,-0.0903293,-0.0429024,-154.594,0.05,0.1
